model,cohens_d,ci_lower,ci_upper
anthropic/claude-haiku-4.5,1.7530019603571112,0.7453559924999297,5.333333333333332
anthropic/claude-opus-4.6,4.714045207910316,0.0,8.013876853447538
google/gemini-2.5-flash,7.302967433402215,6.350852961085885,11.867322079278598
google/gemini-3-pro-preview,10.370899457402697,9.011353949324167,16.499158227686106
openai/gpt-4o-mini,4.714045207910316,0.0,4.714045207910316
openai/gpt-5.2,3.794733192202056,3.2998316455372225,5.543478937468666
